id,cover,name,nickname,spouses,award,bio,children,relatives,country_of_origin,language,parents,officialsite,born,starmeter,Height,game_id,role
42b8f954-57d1-4803-a7d8-41b73fbb6cd9,"",Marissa Buccianti,,,,,,,,,,,,,,d790c144-5da2-4ef5-b278-e4840b0349f3,Jack Marston(voice)
c98ecc1d-06d4-401f-834f-a2495ac2dfce,"",Robin Atkin Downes,,,,,,,,,,,,,,91e8c4f7-3372-4b0e-abe0-e4df2fe51ffc,Robert
18c11157-7c75-44ac-a6b4-ce5c59711f1a,"",Jo Wyatt,,,,,,,,,,,,,,621e4265-f73e-4105-978d-252495659c05,Ciri(English version)(voice)
af344bf3-8503-444c-9467-27a73a5390c5,"",Richard Hawley,,,,,,,,,,,,,,621e4265-f73e-4105-978d-252495659c05,Dijkstra(English version)(voice)…
72cd3b6c-702c-441a-889f-876f2411e629,"",Alexander Morton,,,,,,,,,,,,,,621e4265-f73e-4105-978d-252495659c05,Zoltan Chivay(English version)(voice)
1773518c-d147-4a0a-96c0-60e4804a7ad7,covers/Benjamin_Byron_Davispng.png,Benjamin Byron Davis,Benjamin Davis,--,--,"Benjamin Byron Davis is an accomplished actor, writer and director, known for his dynamic range and versatility in portraying complex characters. His commanding voice and formidable and magnetic screen presence in film, television, performance capture and theater have garnered legions of fans and social media followers worldwide.",--,--,--,--,--,--,1899-11-30,0,0.00,d790c144-5da2-4ef5-b278-e4840b0349f3,Dutch van der Linde
0f9b52bb-ef89-4fc1-b2cd-2f5d95e3d951,"",Robin Atkin Downes,,,,,,,,,,,,,,a34f0d6e-ee24-4e92-a1f1-136d75bb3db7,Robert(archive footage)
01a12312-f826-4863-85c1-7cea511228ef,covers/Usman_Ally.png,Usman Ally,,,,,,,,,,,,,,51e253ce-e19a-4e27-95f3-82794841cc15,Durlin(voice)
15868222-c43e-4f29-9849-941659e44e61,covers/Milana_Vayntrub.png,Milana Vayntrub,,,,,,,,,,,,,,51e253ce-e19a-4e27-95f3-82794841cc15,Lúnda(voice)
2be0a775-b1bb-4742-b7cf-033849b56fd9,covers/Deborah_Ann_Wall.png,Deborah Ann Woll,,,,,,,,,,,,,,51e253ce-e19a-4e27-95f3-82794841cc15,Laufey(voice)
36346f4b-8bf8-49da-84bf-e0800827427f,covers/Scott_Porter.png,Scott Porter,,,,,,,,,,,,,,51e253ce-e19a-4e27-95f3-82794841cc15,Heimdall(voice)
40f0a993-75d6-47cd-a372-43771142942e,covers/MIna_Sundwall.png,Mina Sundwall,,,,,,,,,,,,,,51e253ce-e19a-4e27-95f3-82794841cc15,Thrúd(voice)
40fe8caf-a5a0-45ea-8b81-715c937e6da2,covers/Sunny_Sulijic.png,Sunny Suljic,,,,,,,,,,,,,,51e253ce-e19a-4e27-95f3-82794841cc15,Atreus(voice)
0b23b28d-0be0-4374-bfae-192b51f0276e,covers/Marlene_Dandrige.png,Merle Dandridge,,,,,,,,,,,,,,91e8c4f7-3372-4b0e-abe0-e4df2fe51ffc,Marlene
2b9ab4b9-ead2-489e-8282-596600fc4abe,covers/Troy_Baker.png,Troy Baker,Troy E. Baker,"Pamela WalworthOctober 13, 2012 - present (1 child)",Nominated for 5 BAFTA Awards 21 wins & 50 nominations total,"Troy Baker is an American voice actor and musician. He voiced Batman, Two-Face, Jason Todd and the Joker in several Batman productions including Arkham Origins, Batman vs. Teenage Mutant Ninja Turtles and Arkham Knight. He also voiced Joel Miller in The Last of Us, Talion in The Lord of the Rings video games, Uncharted 4, Infamous: Second Son, BioShock Infinite and Tales from the Borderlands.",Traveller Hyde,--,"Dallas, Texas, USA",English,--,--,1976-04-01,5000,1.91,91e8c4f7-3372-4b0e-abe0-e4df2fe51ffc,Joel
4f3496b6-f558-4293-844f-69b136728d96,covers/Brandon_Scott.png,Brandon Scott,,,,,,,,,,,,,,91e8c4f7-3372-4b0e-abe0-e4df2fe51ffc,Henry
4ff5889e-bbbf-4b68-914e-0456bbabb1cc,covers/Doug_Cockle.png,Doug Cockle,--,Marianne Cockle,Nominated for 1 BAFTA Award 3 wins & 2 nominations total,"Doug Cockle was born on 16 September 1970 in Twentynine Palms, California, USA. He is an actor, known for The Witcher 3: Wild Hunt (2015), Band of Brothers (2001) and Victor Vran (2015).",--,--,"Twentynine Palms, California, USA",English Polish,--,http://www.dougcockle.com/,1970-09-16,0,1.82,621e4265-f73e-4105-978d-252495659c05,Geralt(English version)(voice)
60d1f737-ed7c-4874-a29a-f90c5e514145,covers/Ashley_Scott.png,Ashley Scott,,,,,,,,,,,,,,91e8c4f7-3372-4b0e-abe0-e4df2fe51ffc,Maria
710c111b-3d14-466f-af8e-a20911009c7e,covers/Laura_Bailey.png,Laura Bailey,,,,,,,,,,,,,,91e8c4f7-3372-4b0e-abe0-e4df2fe51ffc,Additional Voices(voice)
7d4951f9-7a32-43ed-a1ff-4a605726fb25,covers/Reuben_Langdon.png,Reuben Langdon,,,,,,,,,,,,,,91e8c4f7-3372-4b0e-abe0-e4df2fe51ffc,James
80b663ab-6937-47cb-9d25-0a93dafce645,covers/Hana_Heyes.png,Hana Hayes,,,,,,,,,,,,,,91e8c4f7-3372-4b0e-abe0-e4df2fe51ffc,Sarah
8fa37d80-a2d0-4c79-80ff-306f923e1fd5,covers/Nolan_North.png,Nolan North,,,,,,,,,,,,,,91e8c4f7-3372-4b0e-abe0-e4df2fe51ffc,David
9e38f926-8e56-43f2-a7a0-144f926d716e,covers/Greg_Berger.png,Gregg Berger,,,,,,,,,,,,,,91e8c4f7-3372-4b0e-abe0-e4df2fe51ffc,Additional Voices(voice)
ab9f3b5e-225a-42c9-859f-ae06893f4f3a,covers/Steve_Blum.png,Steve Blum,,,,,,,,,,,,,,91e8c4f7-3372-4b0e-abe0-e4df2fe51ffc,Additional Voices(voice)
abe10a18-22bc-444a-99f5-61ab607a2e9b,covers/Chris_Ja_Alex.png,Chris Jai Alex,,,,,,,,,,,,,,91e8c4f7-3372-4b0e-abe0-e4df2fe51ffc,Additional Voices(voice)(as Chris Cortland [Jai Alex])
b330d2f6-912f-4768-8b40-e2fad06d15c4,covers/Jeffery_Pierce.png,Jeffrey Pierce,,,,,,,,,,,,,,91e8c4f7-3372-4b0e-abe0-e4df2fe51ffc,Tommy
c439b806-a008-4f46-8fa2-bb1cf06be9e3,covers/Nadji_Jitter.png,Nadji Jeter,,,,,,,,,,,,,,91e8c4f7-3372-4b0e-abe0-e4df2fe51ffc,Sam
03e91654-b0da-410d-aedc-0420dfcd1e3a,covers/Jaimi_Barbakoff.png,Jaimi Barbakoff,,,,,,,,,,,,,,621e4265-f73e-4105-978d-252495659c05,Triss(English version)(voice)
1699338c-2d95-41e6-b147-b875d32766b0,covers/William_Roberts.png,William Roberts,,,,,,,,,,,,,,621e4265-f73e-4105-978d-252495659c05,Vesemir(English version)(voice)
2a53eccc-c288-413a-a6a2-4c94020d5de3,covers/Gary_LIlburn.png,Gary Lilburn,,,,,,,,,,,,,,621e4265-f73e-4105-978d-252495659c05,Crach an Craite(English version)(voic
31a3c83a-d115-4d62-8a98-4d2f5f0be2bd,covers/Kaitie_McGuiness.png,Katie McGuinness,,,,,,,,,,,,,,621e4265-f73e-4105-978d-252495659c05,Keira(English version)(voice)
7076a5a4-3ff8-4708-bfba-e8951318af30,covers/Micheal_Maloney.png,Michael Maloney,,,,,,,,,,,,,,621e4265-f73e-4105-978d-252495659c05,Avallac'h(English version)(voice)
87945855-fc05-4413-a909-fa59335145c9,covers/Sarah_Greene.png,Sarah Greene,,,,,,,,,,,,,,621e4265-f73e-4105-978d-252495659c05,Cerys an Craite(English version)(voice
8ae70317-4664-4921-b7ae-f369197c680f,covers/Tom_Clark_Hill.png,Tom Clarke Hill,,,,,,,,,,,,,,621e4265-f73e-4105-978d-252495659c05,Eskel(English version)(voice)
98dfdf76-3a71-4ae4-8636-e8caaa78cd47,covers/Patriick_Drury.png,Patrick Drury,,,,,,,,,,,,,,621e4265-f73e-4105-978d-252495659c05,Ermion(English version)(voice)
9d985495-ff0f-4606-b866-bcea281e398a,covers/JOhn_Schwabb.png,John Schwab,,,,,,,,,,,,,,621e4265-f73e-4105-978d-252495659c05,Dandelion(English version)(voice)
a17784da-c3a4-4809-a001-2eb35dc5f168,covers/James_Cyde.png,James Clyde,,,,,,,,,,,,,,621e4265-f73e-4105-978d-252495659c05,Baron(English version)(voice)
a3319980-200c-411c-b9bc-8d263e62f430,covers/Allen_Leeche.png,Allen Leech,,,,,,,,,,,,,,621e4265-f73e-4105-978d-252495659c05,Hjalmar an Craite(English version)(voice)
0d1c83b5-6a67-46a2-b516-1162ce2cc061,covers/Troy_Baker_hIFvT06.png,Troy Baker,,,,,,,,,,,,,,a34f0d6e-ee24-4e92-a1f1-136d75bb3db7,Joel(archive footage)
33f6d911-731e-4350-8d32-69bd84bfdcf2,covers/Ashley_Johnson_XVfwtHD.png,Ashley Johnson,,,,,,,,,,,,,,a34f0d6e-ee24-4e92-a1f1-136d75bb3db7,Ellie(archive footage)
513bec6d-3386-4e85-b62c-e840b8e1ac99,covers/Annie_Wershcing_gV7iHjf.png,Annie Wersching,,,,,,,,,,,,,,a34f0d6e-ee24-4e92-a1f1-136d75bb3db7,Tess(archive footage)
651a3b19-c588-42ac-aaa0-e4fec208d714,covers/Jeffery_Pierce_VuHjHHh.png,Jeffrey Pierce,,,,,,,,,,,,,,a34f0d6e-ee24-4e92-a1f1-136d75bb3db7,Tommy(archive footage)
7092a803-559a-47dc-a631-6fe9fc4ec047,covers/Hana_Heyes_nRfvPfq.png,Hana Hayes,,,,,,,,,,,,,,a34f0d6e-ee24-4e92-a1f1-136d75bb3db7,Sarah(archive footage)
76653599-6c41-4f49-9505-1aaeea3097f2,covers/Marlene_Dandrige_9gfonMf.png,Merle Dandridge,,,,,,,,,,,,,,a34f0d6e-ee24-4e92-a1f1-136d75bb3db7,Marlene(archive footage)
ebf64f05-65aa-4ca0-830e-f8d35f77783e,covers/W.Earl_Browns_KXgyPMu.png,W. Earl Brown,,,,,,,,,,,,,,a34f0d6e-ee24-4e92-a1f1-136d75bb3db7,Bill(archive footage)
917c444c-9fc4-469e-8cee-977446717335,"",Kengo Takanashi,,,,,,,,,,,,,,025ea231-da64-407d-94aa-715e7751ba0a,Link(voice)
89479ac6-5469-44db-8480-653734c5be55,"",Yû Shimamura,,,,,,,,,,,,,,025ea231-da64-407d-94aa-715e7751ba0a,Princess Zelda(voice)
a53b5afd-3af7-41c8-a84d-a6645021f4a0,"",Kosuke Takaguchi,,,,,,,,,,,,,,025ea231-da64-407d-94aa-715e7751ba0a,Ganondorf(voice)
82ede632-129f-4e20-877c-5d61ef3a1237,"",Riki Kagami,,,,,,,,,,,,,,025ea231-da64-407d-94aa-715e7751ba0a,--
42b1e79f-c0b7-475d-a138-39ad00da0049,"",Tamiyo Nonaka,,,,,,,,,,,,,,025ea231-da64-407d-94aa-715e7751ba0a,--
25543f40-d1aa-4d1e-ae1e-c1c773e23a04,"",Ayano Shibuya,,,,,,,,,,,,,,025ea231-da64-407d-94aa-715e7751ba0a,Purah(voice)
edd26537-787f-49f2-a407-786bb541a5a3,"",Osamu Hosoi,,,,,,,,,,,,,,025ea231-da64-407d-94aa-715e7751ba0a,--
aad7ea7f-05b5-4a8e-bae3-3d404b83f46b,"",Natsuki Mori,,,,,,,,,,,,,,025ea231-da64-407d-94aa-715e7751ba0a,Tulin(voice)
03bc3fd6-f394-468f-9e10-e651d3e62e0f,"",Miyuki Kobori,,,,,,,,,,,,,,025ea231-da64-407d-94aa-715e7751ba0a,Yunobo(voice)
add8fc26-6e8e-4e9a-89f0-27147a169735,"",Kosuke Onishi,,,,,,,,,,,,,,025ea231-da64-407d-94aa-715e7751ba0a,Sidon(voice)
f22354c1-002b-4d00-9ec9-b9ac8c1cf3d0,"",Arisa Sakuraba,,,,,,,,,,,,,,025ea231-da64-407d-94aa-715e7751ba0a,Riju(voice)
af58d831-d58f-4cec-b5e9-98de4068dfed,"",Noboru Yamaguchi,,,,,,,,,,,,,,025ea231-da64-407d-94aa-715e7751ba0a,--
a7f58b39-e1aa-43fa-a1cc-59e9325cb545,"",Kôji Takeda,,,,,,,,,,,,,,025ea231-da64-407d-94aa-715e7751ba0a,--
16675d7e-c617-42a4-a4fd-2bcb0316ec21,"",Mayu Isshiki,,,,,,,,,,,,,,025ea231-da64-407d-94aa-715e7751ba0a,--
46e4d4fc-5d38-4746-b02f-77da37d94e15,"",Rei Shimoda,,,,,,,,,,,,,,025ea231-da64-407d-94aa-715e7751ba0a,--
1416e221-47f7-4663-bd73-864ad3105c01,"",Hideaki Nonaka,,,,,,,,,,,,,,025ea231-da64-407d-94aa-715e7751ba0a,--
3d32cfbe-0d08-445a-877a-00e51bf6dd6c,"",Serika Hiromatsu,,,,,,,,,,,,,,025ea231-da64-407d-94aa-715e7751ba0a,--
b3b74f57-afb8-4de7-aa35-ef15db5b6d98,"",Vicki van Tassel,,,,,,,,,,,,,,50b19c08-b5c0-4f61-bc4f-5ff28fdc9d3c,Amanda Townley(as Vicki Van Tassel)
d9ddf10d-6bdf-4e68-836e-660ac813d2f8,"",Abdel Gonzalez,,,,,,,,,,,,,,50b19c08-b5c0-4f61-bc4f-5ff28fdc9d3c,Andreas Sanchez(voice)
cae85f05-8b14-4b04-9ef5-6286aeb18eab,"",Will Cart,,,,,,,,,,,,,,50b19c08-b5c0-4f61-bc4f-5ff28fdc9d3c,Chip Peterson(voice)
7b344d89-a0c3-4f88-8490-fba60ddec075,"",Keith Randolph Smith,,,,,,,,,,,,,,50b19c08-b5c0-4f61-bc4f-5ff28fdc9d3c,Clay Simons(voice)
c4d3b107-8d8f-44b3-b481-2824c6e54372,"",Robin Atkin Downes,,,,,,,,,,,,,,003c1cb2-2333-4a28-a76c-4b1bbac13eae,Hector Alcazar(voice)…
102ad296-5721-4475-88d8-12b2bdbf43f4,"",Christopher Judge,,,,,,,,,,,,,,40cb3374-86a6-494e-b13a-9929e3242514,Kratos(voice)
0d0db4c5-8324-46b8-9ff8-5d13ac4716cb,"",Jon Olson,,,,,,,,,,,,,,40cb3374-86a6-494e-b13a-9929e3242514,Additional Voices(voice)
5aea5367-04a7-4475-a283-7169b787ae45,covers/Yuko_Kaida.png,Yûko Kaida,,,,,,,,,,,,,,025ea231-da64-407d-94aa-715e7751ba0a,Sonia(voice)(as Yuko Kaida)
01ebeeae-536a-401f-bcfd-0d93ea7e4764,covers/Jackie_Long.png,Jackie Long,,,,,,,,,,,,,,50b19c08-b5c0-4f61-bc4f-5ff28fdc9d3c,D from Ballas(voice)
5f47889a-80b6-4114-b7fc-7bef94ead9ef,covers/Benton_Greene.png,Benton Greene,,,,,,,,,,,,,,50b19c08-b5c0-4f61-bc4f-5ff28fdc9d3c,Daryl Johns(voice)
7afb318f-1b3b-4026-b86f-6bc4e451e926,covers/Traci_Godfrey.png,Traci Godfrey,,,,,,,,,,,,,,50b19c08-b5c0-4f61-bc4f-5ff28fdc9d3c,Ashley Butler(voice)
9b5c2b4a-ace4-41d7-aa0b-31332675a957,covers/Shawn_Fonteno.png,Shawn Fonteno,,,,,,,,,,,,,,50b19c08-b5c0-4f61-bc4f-5ff28fdc9d3c,Franklin Clinton(as Shawn 'Solo' Font
a5b217e7-3a3b-4ec3-b36e-1cd1fd6128f8,covers/Julian_Gamble.png,Julian Gamble,,,,,,,,,,,,,,50b19c08-b5c0-4f61-bc4f-5ff28fdc9d3c,Dave Norton(voice)
ace9d1c2-1d18-4a42-afdd-ae724b55ece6,covers/Ryan_Woodle.png,Ryan Woodle,,,,,,,,,,,,,,50b19c08-b5c0-4f61-bc4f-5ff28fdc9d3c,Bradley Snider(voice)
af4cfe2a-d7af-4a34-8ce6-100d3a3886ca,covers/Claire_Bryne.png,Claire Byrne,,,,,,,,,,,,,,50b19c08-b5c0-4f61-bc4f-5ff28fdc9d3c,Debra(voice)(as a different name)
0199ecd0-1fbf-44dc-a8ea-7c90a5fe785e,covers/Warren_Kole.png,Warren Kole,,,,,,,,,,,,,,003c1cb2-2333-4a28-a76c-4b1bbac13eae,Rafe Adler(voice)
05227e55-e1ad-4e25-8bcc-c65e422ee49e,covers/Hemky_Madera.png,Hemky Madera,,,,,,,,,,,,,,003c1cb2-2333-4a28-a76c-4b1bbac13eae,Vargas(voice)
0ba53938-2241-4c1d-a4e0-b33063928aaf,covers/Nolan_North_1025VZ2.png,Nolan North,,,,,,,,,,,,,,003c1cb2-2333-4a28-a76c-4b1bbac13eae,Nathan Drake(voice)
1064ddbe-0eea-4c37-80c9-9e60afe906cb,covers/Orion_Acaba.png,Orion Acaba,,,,,,,,,,,,,,003c1cb2-2333-4a28-a76c-4b1bbac13eae,Shoreline Mercenary(voice)…
154289fc-044d-4da1-9511-add8f699bfb2,covers/Troy_Baker_Jk4Igah.png,Troy Baker,,,,,,,,,,,,,,003c1cb2-2333-4a28-a76c-4b1bbac13eae,Samuel Drake(voice)
1ed233a1-1fa7-43a1-8446-ed631b822775,covers/Alejandro_Edda.png,Alejandro Edda,,,,,,,,,,,,,,003c1cb2-2333-4a28-a76c-4b1bbac13eae,Gustavo(voice)
2b45117a-7398-4abd-85b5-d8ae30cdaced,covers/Marlene_Dandrige_StQFTyn.png,Merle Dandridge,,,,,,,,,,,,,,003c1cb2-2333-4a28-a76c-4b1bbac13eae,Evelyn(voice)…
2ec9dee0-a903-47e3-ae42-f688133f94a6,covers/Ron_Bottita.png,Ron Bottitta,,,,,,,,,,,,,,003c1cb2-2333-4a28-a76c-4b1bbac13eae,Shoreline Mercenary(voice)…
3001ffc3-fedf-4133-9ff0-e4217c998549,covers/Emily_Rose.png,Emily Rose,,,,,,,,,,,,,,003c1cb2-2333-4a28-a76c-4b1bbac13eae,Elena Fisher(voice)
35733536-6598-4421-b271-d666c1edf553,covers/Gideon_Emrey.png,Gideon Emery,,,,,,,,,,,,,,003c1cb2-2333-4a28-a76c-4b1bbac13eae,Shoreline Mercenary(voice)…
399ec265-6136-457c-84f5-348b0434c500,covers/Raphael_Corkhill.png,Raphael Corkhill,,,,,,,,,,,,,,003c1cb2-2333-4a28-a76c-4b1bbac13eae,Shoreline Mercenary(voice)
0e8e0ad1-aaa2-4658-b72d-ce10b08e571c,covers/Jeremy_Davis.png,Jeremy Davies,,,,,,,,,,,,,,40cb3374-86a6-494e-b13a-9929e3242514,Baldur(voice)
26612e0b-435e-4c55-9e42-b1151f76598e,covers/Troy_Baker_jCzSks5.png,Troy Baker,,,,,,,,,,,,,,40cb3374-86a6-494e-b13a-9929e3242514,Magni(voice)
3e5c0052-a136-481c-ae78-339a25c9682e,covers/Daniella_Bizuti_LQzQFGC.png,Danielle Bisutti,,,,,,,,,,,,,,40cb3374-86a6-494e-b13a-9929e3242514,Freya(voice)
97bc8047-6b78-4b58-9d01-2171e678ed50,covers/Nolan_North_6H6edeP.png,Nolan North,,,,,,,,,,,,,,40cb3374-86a6-494e-b13a-9929e3242514,Modi(voice)…
a82a4b30-b24d-4c4d-9203-0e8f2d6540f9,covers/JIm_Pirri.png,Jim Pirri,,,,,,,,,,,,,,40cb3374-86a6-494e-b13a-9929e3242514,Additional Voices(voice)
bfc66553-5937-4ef2-a863-7c04d9478a9f,covers/Robert_Craighead_Mcc59Fl.png,Robert Craighead,,,,,,,,,,,,,,40cb3374-86a6-494e-b13a-9929e3242514,Brok(voice)
c1c091bb-b089-406d-bc8a-7c31ca60e659,covers/Sunny_Sulijic_NwiQp9A.png,Sunny Suljic,,,,,,,,,,,,,,40cb3374-86a6-494e-b13a-9929e3242514,Atreus(voice)
c1ebead7-e61d-4b71-aaa6-ac2958733af5,covers/Carloe_Ruggier.png,Carole Ruggier,,,,,,,,,,,,,,40cb3374-86a6-494e-b13a-9929e3242514,Athena(voice)
df04219a-5d7a-411c-966b-c544938561ad,covers/Alastair_Duncan_l3qzGBG.png,Alastair Duncan,,,,,,,,,,,,,,40cb3374-86a6-494e-b13a-9929e3242514,Mimir(voice)
e2c3ba67-1034-40c0-b977-de45fa64601d,covers/Corey_Burton.png,Corey Burton,,,,,,,,,,,,,,40cb3374-86a6-494e-b13a-9929e3242514,Zeus(voice)
f75086c8-c892-48ec-8e96-8d64d75f4184,covers/Adam_J_Harrington_4o4QaCa.png,Adam J. Harrington,,,,,,,,,,,,,,40cb3374-86a6-494e-b13a-9929e3242514,Sindri(voice)(as Adam Harrington)
7d231779-6782-494c-96fd-ded7fbdd1882,covers/Steven_OGG.png,Steven Ogg,Steve Ogg,Doriane Elliott,Nominated for 1 BAFTA Award 1 win & 4 nominations total,"He is an acclaimed Canadian voice and motion capture artist for the hit game Grand Theft Auto V (2013) in the role of Trevor Philips. He was nominated in numerous events for the role including a VGX nomination for Best Voice Actor.  He was born in Calgary, Alberta, Canada on November 4, 1973. Before fame, He first appeared on screen as part of a promotion for the National Film Board of Canada. He made his professional debut in an episode of Law & Order (1990). In an amazing trivia, He had roles on television series such as Unforgettable as Larry Yablonski and Broad City as a creepy locksmith. He appeared in a season 3 episode of the James Caviezel starring CBS drama Person of Interest (2011).  Ogg began his acting career in an advertisement for the National Film Board of Canada, before working in various theater productions. Following this, he became more focused on a career in sports, before an injury prevented him from pursuing such a career. After moving to New York, Ogg began actin",Bohdi,--,"Edmonton, Alberta, Canada",English,Brian Ogg,https://oggworld.com/,1970-11-04,5000,1.91,50b19c08-b5c0-4f61-bc4f-5ff28fdc9d3c,Trevor Philips
b19142ea-f46e-4e2c-99bc-d4b4c9c70ca1,"",Jason Spisak,,,,,,,,,,,,,,40cb3374-86a6-494e-b13a-9929e3242514,Additional Voices(voice)
f3ccbfe1-4e0d-4dc8-9808-709e794b633b,"",Martha Mackintosh,,,,,,,,,,,,,,9437cc3e-e4be-4db9-b7ef-ba99f4573529,Melina(voice)
2bdd7990-2ab9-4a31-b0cb-89adca1d9429,"",Simon Gregor,,,,,,,,,,,,,,9437cc3e-e4be-4db9-b7ef-ba99f4573529,Rykard(voice)…
5eda753e-55fa-4a05-8bea-1a9449c662a3,"",Mali Harries,,,,,,,,,,,,,,9437cc3e-e4be-4db9-b7ef-ba99f4573529,Rennala(voice)…
f274c539-a1d5-4f51-b9bb-ea3cf2ce6b8c,"",Ava Otten,,,,,,,,,,,,,,9437cc3e-e4be-4db9-b7ef-ba99f4573529,Juvenile Scholar 1 (Rennala's Children 1)
22fa9693-c1f0-42e9-a1ef-9010ef3f3b09,"",Nerys Amber Stocks,,,,,,,,,,,,,,9437cc3e-e4be-4db9-b7ef-ba99f4573529,Juvenile Scholar 2 (Rennala's Children 2)
fa65d212-8027-425e-bbed-b6f4cddceff0,"",Oliver Berry,,,,,,,,,,,,,,9437cc3e-e4be-4db9-b7ef-ba99f4573529,Juvenile Scholar 3 (Rennala's Children 3)
426733f1-83f1-475e-98c2-e3e11716e2db,"",Ryan Morris,,,,,,,,,,,,,,9437cc3e-e4be-4db9-b7ef-ba99f4573529,Goldmask(voice)
0bc61431-3d2a-47f9-b187-09c9aad74323,"",Shadan Saul Guerrero,,,,,,,,,,,,,,cc8f6183-89ca-4a0d-b000-9a5df2c6e31d,Additional Cast(English version)(voice)
f446c04a-c574-46ab-9ed5-89be77aa7041,"",Zac Klassen,,,,,,,,,,,,,,cc8f6183-89ca-4a0d-b000-9a5df2c6e31d,Additional Cast(English version)(voice)
1ecebc9b-33a2-411c-bbb3-fea24856e85c,"",Jennifer O'Donnell,,,,,,,,,,,,,,cc8f6183-89ca-4a0d-b000-9a5df2c6e31d,Additional Cast(English version)(voice)
13644f5e-9051-46d8-970f-db1edb4d8a05,covers/Steve_J_Palmer.png,Steve J. Palmer,,,,,,,,,,,,,,d790c144-5da2-4ef5-b278-e4840b0349f3,Bill Williamson(as Steven J. Palmer)
2d752b53-351b-4565-b133-75d0ae3bd023,covers/Roger_Clark.png,Roger Clark,,,,,,,,,,,,,,d790c144-5da2-4ef5-b278-e4840b0349f3,Arthur Morgan
54030565-43bb-42f3-ab51-af401465b9cd,covers/Noshir_Dalal.png,Noshir Dalal,,,,,,,,,,,,,,d790c144-5da2-4ef5-b278-e4840b0349f3,Charles Smith
54e16af4-97a1-433d-b270-39e53725e0c0,covers/Cuzzon_Dobbell.png,Curzon Dobell,,,,,,,,,,,,,,d790c144-5da2-4ef5-b278-e4840b0349f3,Hosea Matthews
66d07643-8955-45b0-874b-cc1e3944f88c,covers/Gabriell_Sloyer.png,Gabriel Sloyer,,,,,,,,,,,,,,d790c144-5da2-4ef5-b278-e4840b0349f3,Javier Escuella
717cb8d5-4a9a-4915-87f9-f47238878995,covers/Cali_Elizabeth.png,Cali Elizabeth Moore,,,,,,,,,,,,,,d790c144-5da2-4ef5-b278-e4840b0349f3,Abigail Roberts
9d2c0c8b-f360-4d95-b89c-cafe72445d69,covers/Ted_Sutherland.png,Ted Sutherland,,,,,,,,,,,,,,d790c144-5da2-4ef5-b278-e4840b0349f3,Jack Marston
b2f6b02f-684f-4f52-ae5a-78cdc33e3a39,covers/Rob_Wiethief.png,Rob Wiethoff,,,,,,,,,,,,,,d790c144-5da2-4ef5-b278-e4840b0349f3,John Marston
660b10c2-9fc5-47a9-ad9b-ac3808628f1d,covers/Ben_Prendercast.png,Ben Prendergast,,,,,,,,,,,,,,51e253ce-e19a-4e27-95f3-82794841cc15,Týr(voice)
6e66f524-7b92-49cc-8418-a19251cc62b0,covers/Lana_Deleon_Hayes.png,Laya DeLeon Hayes,,,,,,,,,,,,,,51e253ce-e19a-4e27-95f3-82794841cc15,Angrboda(voice)
81329b1f-e181-4aa3-aeac-17a8f4d1aef3,covers/Adam_J_Harrington.png,Adam J. Harrington,,,,,,,,,,,,,,51e253ce-e19a-4e27-95f3-82794841cc15,Sindri(voice)
8e73a700-f013-45c2-8716-0fa476f8c358,covers/Ryan_Hurst.png,Ryan Hurst,,,,,,,,,,,,,,51e253ce-e19a-4e27-95f3-82794841cc15,Thor(voice)
a071a81f-6f1e-4010-99fc-9b19352f33ee,covers/James_Mathiss_III.png,James Mathis III,,,,,,,,,,,,,,51e253ce-e19a-4e27-95f3-82794841cc15,Hildisvíni(voice)
abad83ac-afbb-4e78-ba17-cc01a901d57f,covers/Richard_Schiff.png,Richard Schiff,,,,,,,,,,,,,,51e253ce-e19a-4e27-95f3-82794841cc15,Odin(voice)
b014d041-a2b3-44dd-9698-fa2cb5ba977e,covers/Robert_Craighead.png,Robert Craighead,,,,,,,,,,,,,,51e253ce-e19a-4e27-95f3-82794841cc15,Brok(voice)
bf67f7cc-d351-47fc-8331-b075d0e0aae5,covers/Alastair_Duncan.png,Alastair Duncan,,,,,,,,,,,,,,51e253ce-e19a-4e27-95f3-82794841cc15,Mimir(voice)
c0390d4f-2e96-4d28-b7dd-cfef3dc64ccf,covers/Daniella_Bizuti.png,Danielle Bisutti,,,,,,,,,,,,,,51e253ce-e19a-4e27-95f3-82794841cc15,Freya(voice)
d10c2ed5-e306-42c5-92be-df40b73d0ac2,covers/Brett_Dalton.png,Brett Dalton,,,,,,,,,,,,,,51e253ce-e19a-4e27-95f3-82794841cc15,Freyr(voice)
f39a1d4a-1642-4c6c-9761-052811f35ea5,covers/Debra_Willson.png,Debra Wilson,,,,,,,,,,,,,,51e253ce-e19a-4e27-95f3-82794841cc15,Grýla(voice)
df03b4e9-cfed-4cdf-bf80-1ec9a499cda6,covers/JOhn_Eric_Bentley.png,John Eric Bentley,,,,,,,,,,,,,,91e8c4f7-3372-4b0e-abe0-e4df2fe51ffc,Additional Voices(voice)(as John Bentl
f7bce297-3068-41a7-a8a1-5c0544625156,covers/W.Earl_Browns.png,W. Earl Brown,,,,,,,,,,,,,,91e8c4f7-3372-4b0e-abe0-e4df2fe51ffc,Bill(as W Earl Brown)
fe1cc06e-dac8-4361-bb69-affd85c64ed1,covers/Annie_Wershcing.png,Annie Wersching,,,,,,,,,,,,,,91e8c4f7-3372-4b0e-abe0-e4df2fe51ffc,Tess
adbd5b2f-8ccd-43ca-9666-84d2d5c62e0a,covers/Emma_HIddlestone.png,Emma Hiddleston,,,,,,,,,,,,,,621e4265-f73e-4105-978d-252495659c05,Priscilla(English version)(voice)
04351f59-8135-4689-828d-c3d013925d9e,covers/Anthony_Howell.png,Anthony Howell,,,,,,,,,,,,,,9437cc3e-e4be-4db9-b7ef-ba99f4573529,Margit(voice)…
0755331b-f453-4363-823c-fdf0b3013058,covers/Aimee-Efion_Edwards.png,Aimee-Ffion Edwards,,,,,,,,,,,,,,9437cc3e-e4be-4db9-b7ef-ba99f4573529,Ranni(voice)(as Aimee Ffion Edwards)
0cafcb16-1530-4aab-9097-aacaacb243a4,covers/Pippa-Bennet_Warner.png,Pippa Bennett-Warner,,,,,,,,,,,,,,9437cc3e-e4be-4db9-b7ef-ba99f4573529,Malenia(voice)(as Pippa Bennett Warner)
1949fa93-683c-4661-b883-52225e16c97c,covers/Lili_Gao.png,Lily Gao,,,,,,,,,,,,,,cc8f6183-89ca-4a0d-b000-9a5df2c6e31d,Ada Wong(English version)(voice)
1ae02d19-319a-45bc-b01c-f3e92e780e58,covers/Christian_Echegoyen.png,Christian Echegoyen,,,,,,,,,,,,,,cc8f6183-89ca-4a0d-b000-9a5df2c6e31d,Additional Cast(English version)(voice)
37e2cf18-1b75-453d-9314-f612667c13bc,covers/Mike_Kovac.png,Mike Kovac,,,,,,,,,,,,,,cc8f6183-89ca-4a0d-b000-9a5df2c6e31d,Jack Krauser(English version)(voice)
40bff389-990a-49e3-bec4-858fa31b1df5,covers/Erik_Gow.png,Erik Gow,,,,,,,,,,,,,,cc8f6183-89ca-4a0d-b000-9a5df2c6e31d,Mike(English version)(voice)
4876e3b5-545c-4412-99d5-69f05e16e09f,covers/Craig_Burnatowsi.png,Craig Burnatowski,,,,,,,,,,,,,,cc8f6183-89ca-4a0d-b000-9a5df2c6e31d,Albert Wesker(English version)(voice)
6f37f265-dadd-412b-a2af-e70e348fecf8,covers/Toshiyuki_Morikawa.png,Toshiyuki Morikawa,,,,,,,,,,,,,,cc8f6183-89ca-4a0d-b000-9a5df2c6e31d,Leon S. Kennedy(voice)
7a6819e7-3976-4d51-a531-e39078a286b9,covers/Genieve_Butchner.png,Genevieve Buechner,,,,,,,,,,,,,,cc8f6183-89ca-4a0d-b000-9a5df2c6e31d,Ashley Graham(English version)(voice)
8b99b17e-7623-4101-93b0-505c8bcf3248,covers/Raylene_Haywood.png,Raylene Harewood,,,,,,,,,,,,,,cc8f6183-89ca-4a0d-b000-9a5df2c6e31d,Ingrid Hunnigan(English version)(voice)
68c4f035-10be-4527-b745-41b536c85fe3,covers/Christopher_Judge.png,Christopher Judge,Chris Judge,"Biography Awards Trivia IMDbPro  Christopher Judge(I) Actor Writer Producer Christopher Judge  Kratos and his son Atreus face the oncoming Norse apocalypse, Ragnarok. Play trailer3:17 God of War: Ragnarök (2022) Douglas Christopher Judge was born and raised in Los Angeles, and is of African-America",Won 1 BAFTA Award 4 wins & 5 nominations total,"Douglas Christopher Judge was born and raised in Los Angeles, and is of African-American and Cherokee ancestry.  Judge always knew that he wanted to be an actor, wanting to invoke feelings in others that he was receiving from the shows. He realized quickly that sports would be the stepping stone to an acting career.  Attending the University of Oregon on a football scholarship, Judge led in kickoff return yardage for 1983-84 and interceptions in 1984, in addition to earning the Casanova Award in 1982 (given to the freshman or newcomer of the year). Judge was also a three-time All-American, a Pacific-10 Conference Selection in 1984, and played in the 1985 Hula Bowl.  While at Oregon, Judge was a pre-med major, then psychology, then telecommunications and film, with a minor in psychology. In his senior year, he won a regional contest to host the West Coast Fox KLSR Morning Show, an ""MTV talk show-type thing""; he used this experience to get an agent and move to Los Angeles.  Judge began s",Cameron Judge Christopher Judge Catrina Judge Chloe Judge,--,"Los Angeles, California, USA",English,--,--,1964-10-13,0,1.88,51e253ce-e19a-4e27-95f3-82794841cc15,Kratos(voice)
f125a6cf-227c-4af7-a5be-436042e54433,covers/Christian_Chontreras.png,Christian Contreras,,,,,,,,,,,,,,621e4265-f73e-4105-978d-252495659c05,Lambert(English version)(voice)
41e0338f-21bf-4a59-8c85-fcd19822f7ed,covers/Greg_Berger_32YXIFT.png,Gregg Berger,,,,,,,,,,,,,,a34f0d6e-ee24-4e92-a1f1-136d75bb3db7,--
55a81aad-af7f-42cf-ae32-721e78bddf1a,covers/JOhn_Eric_Bentley_4mxZwP7.png,John Eric Bentley,,,,,,,,,,,,,,a34f0d6e-ee24-4e92-a1f1-136d75bb3db7,--
653a0922-644f-4684-8d31-42d891b7641f,covers/Chris_Ja_Alex_TJAlomZ.png,Chris Jai Alex,,,,,,,,,,,,,,a34f0d6e-ee24-4e92-a1f1-136d75bb3db7,--
6d24cd54-8a91-4908-9ea9-2469e9069405,covers/Brandon_Scott_ScuqOYb.png,Brandon Scott,,,,,,,,,,,,,,a34f0d6e-ee24-4e92-a1f1-136d75bb3db7,Henry(archive footage)
99e0dec4-7d33-42b5-9c18-a516292f0ad9,covers/Reuben_Langdon_Cn7Rogj.png,Reuben Langdon,,,,,,,,,,,,,,a34f0d6e-ee24-4e92-a1f1-136d75bb3db7,James(archive footage)
a5bd38cc-8dd9-4953-bfe7-cdf663c4c608,covers/Steve_Blum_JsUovSo.png,Steve Blum,,,,,,,,,,,,,,a34f0d6e-ee24-4e92-a1f1-136d75bb3db7,Additional Voices(archive sound)(voic
aafd6f79-f515-4c3f-8d71-63ab942782d7,covers/Nadji_Jitter_Z9wZjno.png,Nadji Jeter,,,,,,,,,,,,,,a34f0d6e-ee24-4e92-a1f1-136d75bb3db7,Sam(archive footage)
c0619703-e2a5-4fe4-a9a2-73bf6f41c141,covers/Ashley_Scott_9Y0n2Ln.png,Ashley Scott,,,,,,,,,,,,,,a34f0d6e-ee24-4e92-a1f1-136d75bb3db7,Maria(archive footage)
b426b94e-3408-4a69-85f2-1b8c008ec298,covers/Janet_Hubert.png,Janet Hubert,,,,,,,,,,,,,,50b19c08-b5c0-4f61-bc4f-5ff28fdc9d3c,Aunt Denise(voice)
b4281939-8eca-4251-9186-89e5eb4948a1,covers/Gerald_Slink_Johnson.png,Gerald 'Slink' Johnson,,,,,,,,,,,,,,50b19c08-b5c0-4f61-bc4f-5ff28fdc9d3c,Lamar Davis(as Slink Johnson)
d8ccaf8a-2d85-4879-9d2a-aa8d620d9dc9,covers/Thomas_Poarch.png,Thomas Poarch,,,,,,,,,,,,,,50b19c08-b5c0-4f61-bc4f-5ff28fdc9d3c,Casey(voice)
e3bb4dbe-5d5e-483d-8bb4-af59262e85ad,covers/Oberon_KA_Adjepong.png,Oberon K.A. Adjepong,,,,,,,,,,,,,,50b19c08-b5c0-4f61-bc4f-5ff28fdc9d3c,Anton Beaudelaire(voice)
f153a1e5-98f5-423c-b52f-cb3743787e1d,covers/Joe_Curnutte.png,Joe Curnutte,,,,,,,,,,,,,,50b19c08-b5c0-4f61-bc4f-5ff28fdc9d3c,Dale O'Neill(voice)…
7d623609-5b99-48b7-a508-728fdb360847,covers/Laura_Bailey_PRCoXAP.png,Laura Bailey,,,,,,,,,,,,,,003c1cb2-2333-4a28-a76c-4b1bbac13eae,Nadine Ross(voice)
a7e151e2-8c1e-4d29-b257-747c17a80242,covers/Chase_Austin.png,Chase Austin,,,,,,,,,,,,,,003c1cb2-2333-4a28-a76c-4b1bbac13eae,Young Samuel(voice)
bc7206af-548c-442c-8f5c-9b3cd9c16b12,covers/Brandon_Scott_5mWWsqJ.png,Brandon Scott,,,,,,,,,,,,,,003c1cb2-2333-4a28-a76c-4b1bbac13eae,Jameson(voice)
c60627e5-9d19-450c-a886-0d64a659bd8c,covers/Britian_Dalton.png,Britain Dalton,,,,,,,,,,,,,,003c1cb2-2333-4a28-a76c-4b1bbac13eae,Young Nathan(voice)
ead3c76a-19b0-49fb-9551-f4c6bae4c506,covers/Richard_Mcgonagle.png,Richard McGonagle,,,,,,,,,,,,,,003c1cb2-2333-4a28-a76c-4b1bbac13eae,Victor Sullivan(voice)
155d34a1-f757-4af9-b35b-95143b993006,covers/Christopher_Judge_tKtm3We.png,Sara Cravens,,,,,,,,,,,,,,40cb3374-86a6-494e-b13a-9929e3242514,Valkyrie Hildr(voice)
963f5194-bcb0-4618-8cd5-f1c94ac76685,covers/Jamiesson_Pierce.png,Jamieson Price,,,,,,,,,,,,,,40cb3374-86a6-494e-b13a-9929e3242514,Additional Voices(voice)
99bdf65d-01b7-4c1d-8721-676718b31c12,covers/Lex_Lang.png,Lex Lang,,,,,,,,,,,,,,40cb3374-86a6-494e-b13a-9929e3242514,Additional Voices(voice)
d21d0554-87ba-42a6-b95b-552a9fda4769,covers/Elizabeth_Knowleden.png,Elizabeth Knowelden,,,,,,,,,,,,,,40cb3374-86a6-494e-b13a-9929e3242514,Pesta(voice)…
366f8dd1-c60e-4bab-a3cc-42a63d8e72b2,covers/Con_ONiel.png,Con O'Neill,,,,,,,,,,,,,,9437cc3e-e4be-4db9-b7ef-ba99f4573529,Mohg(voice)
4bb85d8c-c9d9-4596-ae11-268eb860d5ca,covers/Shaun_Dooley.png,Shaun Dooley,,,,,,,,,,,,,,9437cc3e-e4be-4db9-b7ef-ba99f4573529,Fire Giant(voice)…
640344e6-5d09-4cff-9d2d-e74c0d580989,covers/Cara_Theobold.png,Cara Theobold,,,,,,,,,,,,,,9437cc3e-e4be-4db9-b7ef-ba99f4573529,Nepheli Loux(voice)
876de510-dccd-457c-a534-330af257b6df,covers/Jonathan_Cable.png,Jonathan Keeble,,,,,,,,,,,,,,9437cc3e-e4be-4db9-b7ef-ba99f4573529,Gurranq(voice)…
c75aabf1-69de-4a43-9b85-ac5a81a00fad,covers/Edward_Rowe.png,Edward Rowe,,,,,,,,,,,,,,9437cc3e-e4be-4db9-b7ef-ba99f4573529,Godfrey(voice)…
d334dbf6-da8d-4da0-a62e-b08951458f49,covers/Pip_Torrens.png,Pip Torrens,,,,,,,,,,,,,,9437cc3e-e4be-4db9-b7ef-ba99f4573529,Radahn(voice)…
d3f68ed7-e0f0-4824-b224-a9ff9646455a,covers/Joe_Mcgann.png,Joe McGann,,,,,,,,,,,,,,9437cc3e-e4be-4db9-b7ef-ba99f4573529,Sir Gideon Ofnir(voice)…
e1825a0e-6b36-4e30-a9c6-7e316677ae21,covers/Ramon_Tikaram.png,Ramon Tikaram,,,,,,,,,,,,,,9437cc3e-e4be-4db9-b7ef-ba99f4573529,Godrick(voice)…
921c35ad-056e-4f1f-b921-c042396f8146,covers/Andrea_Pena.png,André Peña,,,,,,,,,,,,,,cc8f6183-89ca-4a0d-b000-9a5df2c6e31d,Luis Serra Navarro(English version)(voice)…
a62267fe-9558-41c9-95cf-57fb6940db32,covers/Christopher_Jane.png,Christopher Jane,,,,,,,,,,,,,,cc8f6183-89ca-4a0d-b000-9a5df2c6e31d,Osmund Saddler(English version)(voice)
b78d63ed-310e-464c-a279-08448bf6fe86,covers/Micheal_Adamwhite.png,Michael Adamthwaite,,,,,,,,,,,,,,cc8f6183-89ca-4a0d-b000-9a5df2c6e31d,Merchant(English version)(voice)
cc295a3e-9923-4b77-8723-8a9448129dfc,covers/Marcio_Monera.png,Marcio Moreno,,,,,,,,,,,,,,cc8f6183-89ca-4a0d-b000-9a5df2c6e31d,Ramón Salazar(English version)(voice)
df8a3c92-82fa-4763-8a0a-ae1c954db0e8,covers/NIck_Apostolides.png,Nick Apostolides,,,,,,,,,,,,,,cc8f6183-89ca-4a0d-b000-9a5df2c6e31d,Leon S. Kennedy(English version)(voice)
ee824a4c-6ef5-4b57-b051-08b701e76626,covers/Jon_Bryant.png,Jon Bryant,,,,,,,,,,,,,,cc8f6183-89ca-4a0d-b000-9a5df2c6e31d,Bitores Méndez(English version)(voice)
f583c7c9-6bbd-4d4a-b17c-35dcd2a15ca4,covers/Mathias_Retamal.png,Mathias Retamal,,,,,,,,,,,,,,cc8f6183-89ca-4a0d-b000-9a5df2c6e31d,Veteran Officer(English version)(voice)
ec33104e-635c-41eb-b523-f42620e10ca4,covers/Kaitlyn_Denver.png,Kaitlyn Dever,Beulahbelle,--,Nominated for 1 Primetime Emmy 6 wins & 24 nominations total,"Having been named one of Variety's 10 Actors to Watch, Kaitlyn Dever has become one of Hollywood's top emerging young actresses.  Dever has showcased her versatility, appearing in movies such as Clint Eastwood's J. Edgar (2011), James Ponsoldt's The Spectacular Now (2013), Destin Daniel Cretton's Short Term 12 (2008), and Jason Reitman's Men, Women & Children (2014), and was one of the female leads in Kathryn Bigelow's Detroit (2017).  She truly shone in the dark drama Short Term 12 (2013) alongside Brie Larson, LaKeith Stanfield, John Gallagher Jr., and Rami Malek. The film premiered at SXSW 2013, where it won the Grand Jury Prize for Best Narrative as well as the Audience Award. Kaitlyn was named Summer 2013's indie ""It"" girl and was highlighted as a SXSW breakout.  In addition to her film career, she recently wrapped her memorable four-season-long arc playing Loretta McCready on the FX drama Justified (2010), for which she received critical acclaim. She also played a role in the awa",--,Jane Dever(Sibling) Mady Dever(Sibling),"Phoenix, Arizona, USA",English,Kathy Dever,http://www.kaitlyndever.com/,1996-12-21,500,1.60,003c1cb2-2333-4a28-a76c-4b1bbac13eae,Cassie(voice)
d73918e0-0ebb-4cec-9bbb-debc2029163a,covers/Ned_Luke.png,Ned Luke,--,--,1 nomination,"Ned Luke was born on 4 October 1958 in Danville, Illinois, USA. He is an actor and writer, known for Grand Theft Auto V (2013), Law & Order: Special Victims Unit (1999) and Boardwalk Empire (2010). He has been married to Amy Sax since 12 November 1997. They have one child.",--,--,United States,English,--,--,1959-11-30,0,0.00,50b19c08-b5c0-4f61-bc4f-5ff28fdc9d3c,Michael Townley
da8bd860-c82b-4931-a426-0f6cf3032652,covers/Nolan_North_Kc59PzJ.png,Nolan North,Nolan Ramsay North,Jill Murray,Won 1 BAFTA Award 15 wins & 40 nominations total,"Nolan North is an American voice actor from Connecticut who is known for voicing Nathan Drake from the Uncharted video game series, the Space Core from Portal 2, Deadpool in many Marvel cartoons and video games, Penguin from Batman: Arkham City, N. Gin from Crash Bandicoot, Desmond Miles from Assassin's Creed and Ghost from Destiny after replacing Peter Dinklage.",--,--,"New Haven, Connecticut, USA",English,--,--,1970-10-31,5000,1.83,a34f0d6e-ee24-4e92-a1f1-136d75bb3db7,David(archive footage)
54023a1f-2b3e-4719-96ca-11e8f06cdb78,covers/Ashley_Johnson.png,Ashley Johnson,--,No Spouse,Won 2 BAFTA Awards 13 wins & 21 nominations total,"Los Angeles-based Ashley Suzanne Johnson was born in Camarillo, California on August 9, 1983, to Clifford and Nancy Johnson. She is of Danish, Irish, Native American, Norwegian, Scottish, and Swedish descent. When she was 9 days old, her family packed up and moved to Michigan where her father (the captain of an exploration ship) was transferred. They finally ended up moving to Franklin, Michigan, which Johnson has dubbed ""The Town That Time Forgot"", and where she lived for much of her life. She is a former Miss Jr. Michigan.  Ashley has an older brother, Chris, who works on The District (2000) and an older sister, Haylie Johnson, an actress and musician who is married to musician Jonny Lang. Their mother, Nancy Spruiell Johnson, is an independent film producer. Their father, Clifford Johnson, died in 2000 from cancer & Hepatitis C. Ashley and her siblings' paternal grandmother was famous concert pianist Evelyn Taft, also known as Evelyn Johnson.",No Children,Chris Johnson(Sibling),"Camarillo, California, USA",English,Cliff Johnson,http://www.theashleysuzanne.blogspot.com/,1983-08-09,500,1.65,91e8c4f7-3372-4b0e-abe0-e4df2fe51ffc,Ellie
d919abb9-8ced-4588-a7c8-c95fb7db2e0f,covers/Dennis_Gough.png,Denise Gough,--,--,Nominated for 1 BAFTA Award 3 wins & 6 nominations total,"Denise was born in Ireland in 1980 to a father who was an electrician - later a fisheries expert - and a mother who ""was pregnant for nine and a half years"" since Denise is the seventh of twelve children, her younger sister Kelly, born in 1987, also being an actress. At school she had no theatrical aspirations, leaving at age fifteen and moving to London a year later ""to follow a boy."" After several years in menial jobs she took a Saturday acting class and won a place at the Academy of Live and Recorded Arts in Wandsworth - having borrowed the audition fee - and graduated in 2003. In 2004 she made her television debut in Casualty (1986) and has since appeared in many populist series from New Tricks (2003) to Stella (2012). However she has attracted more notice as a stage actress, being nominated in 2012 by the Evening Standard Awards for her roles in 'Our New Girl' and 'Desire Under the Elms' and in 2015 winning universal plaudits as the recovering drug addict in 'People, Places and Th",--,Kelly Gough(Sibling),"Ennis, County Clare, Ireland",English Irish,--,--,1980-02-28,5000,1.65,621e4265-f73e-4105-978d-252495659c05,Yennefer(English version)(voice)
d4154455-a670-455a-adaa-5533c77a34bb,covers/Laura_Bailey_Ifre900.png,Laura Bailey,Elle Deets,Travis Willingham,Won 1 BAFTA Award 20 wins & 44 nominations total,"Laura Bailey is an award-winning Los Angeles-based voice actor known for her roles in animation and video games, as well as the massively popular hit show and media brand, Critical Role.  Critical Role has become one of the most popular storytelling and world building independent media companies in the world, and Laura plays a pivotal role within the company as a co-founder, primary cast member for the flagship show and executive producer of The Legend of Vox Machina animated series which will air exclusively on Amazon Prime Video.  Laura got her start in video games nearly 20 years ago and has since gone on to become one of the most prolific voice actors in the industry today, having worked on hundreds of titles. Some of Laura's notable roles include Abby in The Last of Us: Part II, Kait Diaz in the Gears of War franchise, Spartan Vale in the Halo franchise, Jaina Proudmoore in World of Warcraft, Fetch in the Infamous series, Supergirl in Injustice 2, Eltariel in Middle Earth: Shadow",Ronin Willingham,Jennifer Bailey,"Biloxi, Mississippi, USA",English,--,https://www.instagram.com/laurabaileyvo/,1981-05-28,5000,1.65,a34f0d6e-ee24-4e92-a1f1-136d75bb3db7,Additional Voices(archive sound)(voice)
